<?xml version="1.0" encoding="UTF-8" standalone="yes"?>
<Properties xmlns="http://schemas.openxmlformats.org/officeDocument/2006/extended-properties" xmlns:vt="http://schemas.openxmlformats.org/officeDocument/2006/docPropsVTypes"><TotalTime>2</TotalTime><Words>49</Words><Application>Microsoft Office PowerPoint</Application><PresentationFormat>On-screen Show (4:3)</PresentationFormat><Paragraphs>15</Paragraphs><Slides>4</Slides><Notes>2</Notes><HiddenSlides>0</HiddenSlides><MMClips>0</MMClips><ScaleCrop>false</ScaleCrop><HeadingPairs><vt:vector size="6" baseType="variant"><vt:variant><vt:lpstr>Fonts Used</vt:lpstr></vt:variant><vt:variant><vt:i4>2</vt:i4></vt:variant><vt:variant><vt:lpstr>Theme</vt:lpstr></vt:variant><vt:variant><vt:i4>1</vt:i4></vt:variant><vt:variant><vt:lpstr>Slide Titles</vt:lpstr></vt:variant><vt:variant><vt:i4>4</vt:i4></vt:variant></vt:vector></HeadingPairs><TitlesOfParts><vt:vector size="7" baseType="lpstr"><vt:lpstr>Arial</vt:lpstr><vt:lpstr>Calibri</vt:lpstr><vt:lpstr>Office Theme</vt:lpstr><vt:lpstr>Presentation Title</vt:lpstr><vt:lpstr>Slide Title</vt:lpstr><vt:lpstr>Section header</vt:lpstr><vt:lpstr>Slide Title for Two-Content</vt:lpstr></vt:vector></TitlesOfParts><Company></Company><LinksUpToDate>false</LinksUpToDate><SharedDoc>false</SharedDoc><HyperlinksChanged>false</HyperlinksChanged><AppVersion>15.0000</AppVersion></Properties>